name,type,contactPerson,phone,email,address,kraPin,paymentTermsDays,chargeVat,vatMode,openingBalance
ABUCHE JUNIOR SCHOOL,SCHOOL,,,,,,30,,,0
ABUCHE PRIMARY SCHOOL,SCHOOL,,,,,,30,,,0
AHONO PRIMARY SCHOOL,SCHOOL,,,,,,30,,,0
ALWOR MIXED JUNIOR SCHOOL,SCHOOL,,,,,,30,,,0
ASEBU PRIMARY SCHOOL,SCHOOL,,,,,,30,,,0
ASIONGO JUNIOR SCHOOL,SCHOOL,,,,,,30,,,0
BARKALARE JUNIOR SCHOOL,SCHOOL,,,,,,30,,,0
BULANDA A.C COMPREHENSIVE SCHOOL,SCHOOL,,,,,,30,,,0
Bulanda RC,SCHOOL,,,,,,30,,,0
BUMBO JUNIOR SCHOOL,SCHOOL,,,,,,30,,,0
CHEBINI PEFA JUNIOR SECONDARY SCHOOL,SCHOOL,,,,,,30,,,0
DUDI TOWNSHIP PRIMARY,SCHOOL,,,,,,30,,,0
EBIBA PRIMARY SCHOOL,SCHOOL,,,,,,30,,,0
EBITSI JUNIOR SCHOOL,SCHOOL,,,,,,30,,,0
EBUBAI PRIMARY SCHOOL,SCHOOL,,,,,,30,,,0
EBUBAYI PRIMARY SCHOOL,SCHOOL,,,,,,30,,,0
EBUHANDO JUNIOR SCHOOL,SCHOOL,,,,,,30,,,0
EBUKANGA JUNIOR SCHOOL,SCHOOL,,,,,,30,,,0
EBUKHAYA JUNIOR SCHOOL,SCHOOL,,,,,,30,,,0
Ebukhokoro junior school,SCHOOL,,,,,,30,,,0
EBUKHULITI JUNIOR SCHOOL,SCHOOL,,,,,,30,,,0
EBUKOOLO JUNIOR SCHOOL,SCHOOL,,,,,,30,,,0
EBUKOOLO SECONDARY SCHOOL,SCHOOL,,,,,,30,,,0
EBUKUTENGA JUNIOR SCHOOL,SCHOOL,,,,,,30,,,0
EBUKUYA JUNIOR SCHOOL,SCHOOL,,,,,,30,,,0
EBUKUYA SPECIAL SCHOOL,SCHOOL,,,,,,30,,,0
EBUKWALA JUNIOR SCHOOL,SCHOOL,,,,,,30,,,0
EBULAKO PRIMARY SCHOOL,SCHOOL,,,,,,30,,,0
EBULAMBA JUNIOR SCHOOL,SCHOOL,,,,,,30,,,0
EBULONDI PRIMARY SCHOOL,SCHOOL,,,,,,30,,,0
EBULONGA PRIMARY SCHOOL,SCHOOL,,,,,,30,,,0
EBUNANGWE COMPREHENSIVE SCHOOL,SCHOOL,,,,,,30,,,0
EBUSAKAMI PRIMARY SCHOOL,SCHOOL,,,,,,30,,,0
EBUSHIBUNGO JUNIOR SCHOOL,SCHOOL,,,,,,30,,,0
EBUSILOLI JUNIOR SCHOOL,SCHOOL,,,,,,30,,,0
EBUSIRALO PRIMARY SCHOOL,SCHOOL,,,,,,30,,,0
EBUSIRATSI A.C PRIMARY SCHOOL,SCHOOL,,,,,,30,,,0
EBUSIRATSI C.OG SCHOOL,SCHOOL,,,,,,30,,,0
EBUSYUBI JUNIOR SCHOOL,SCHOOL,,,,,,30,,,0
EBUTUTI PRIMARY SCHOOL,SCHOOL,,,,,,30,,,0
EBUYALU PRIMARY SCHOOL,SCHOOL,,,,,,30,,,0
EBWIRANYI PRIMARY SCHOOL,SCHOOL,,,,,,30,,,0
Ekambara,SCHOOL,,,,,,30,,,0
EKWANDA COMPREHENSIVE SCHOOL,SCHOOL,,,,,,30,,,0
ELUKHAMBI JUNIOR SCHOOL,SCHOOL,,,,,,30,,,0
ELUNUNU JUNIOR SCHOOL,SCHOOL,,,,,,30,,,0
ELWANGALE JUNIOR SCHOOL,SCHOOL,,,,,,30,,,0
EMAKUCHE PRIMARY SCHOOL,SCHOOL,,,,,,30,,,0
EMASTULI PRIMARY SCHOOL,SCHOOL,,,,,,30,,,0
EMMALOBA JUNIOR SCHOOL,SCHOOL,,,,,,30,,,0
EMMANYINYA JUNIOR SCHOOL,SCHOOL,,,,,,30,,,0
EMMATSI JUNIOR SCHOOL,SCHOOL,,,,,,30,,,0
EMMUKHUNZI JUNIOR SCHOOL,SCHOOL,,,,,,30,,,0
EMMUNWA PRIMARY SCHOOL,SCHOOL,,,,,,30,,,0
EMMUTSA PRIMARY SCHOOL,SCHOOL,,,,,,30,,,0
EMUCHURU JUNIOR SCHOOL,SCHOOL,,,,,,30,,,0
EMUHAYA JUNIOR SCHOOL,SCHOOL,,,,,,30,,,0
EMUHAYA PRIMARY SCHOOL,SCHOOL,,,,,,30,,,0
EMUHONDO PRIMARY SCHOOL,SCHOOL,,,,,,30,,,0
EMUKHUYA JUNIOR SCHOOL,SCHOOL,,,,,,30,,,0
EMULULU JUNIOR SCHOOL,SCHOOL,,,,,,30,,,0
EMUREMBE PRIMARY SCHOOL,SCHOOL,,,,,,30,,,0
EMUSIRE PRIMARY SCHOOL,SCHOOL,,,,,,30,,,0
EMUSUTWI PRIMARY SCHOOL,SCHOOL,,,,,,30,,,0
EPAN'GA PRIMARY SCHOOL,SCHOOL,,,,,,30,,,0
ESHIBINDA PRIMARY SCHOOL,SCHOOL,,,,,,30,,,0
ESHIKHUNGULU JUNIOR SCHOOL,SCHOOL,,,,,,30,,,0
ESIANDUMBA JUNIOR SCHOOL,SCHOOL,,,,,,30,,,0
ESIBAKALA PRIMARY SCHOOL,SCHOOL,,,,,,30,,,0
ESIBEMBE JUNIOR SCHOOL,SCHOOL,,,,,,30,,,0
ESIBEYE PRIMARY SCHOOL,SCHOOL,,,,,,30,,,0
ESIBILA JUNIOR SCHOOL,SCHOOL,,,,,,30,,,0
ESIBUYE PRIMARY SCHOOL,SCHOOL,,,,,,30,,,0
ESIEMBERO PRIMARY SCHOOL,SCHOOL,,,,,,30,,,0
ESIKHUYU PRIMARY SCHOOL,SCHOOL,,,,,,30,,,0
ESON'GOLO JUNIOR SCHOOL,SCHOOL,,,,,,30,,,0
ESSUMBA JUNIOR SCHOOL,SCHOOL,,,,,,30,,,0
ESSUMBA PRIMARY SCHOOL,SCHOOL,,,,,,30,,,0
ESSUNZA PRIMARY SCHOOL,SCHOOL,,,,,,30,,,0
GAIGEDI SECONDARY SCHOOL,SCHOOL,,,,,,30,,,0
GAVALAGI JUNIOR SCHOOL,SCHOOL,,,,,,30,,,0
GOGO JUNIOR SCHOOL,SCHOOL,,,,,,30,,,0
IBINDA JUNIOR SCHOOL,SCHOOL,,,,,,30,,,0
IBUBI PRIMARY SCHOOL,SCHOOL,,,,,,30,,,0
IKOMERO JUNIOR SCHOOL,SCHOOL,,,,,,30,,,0
IKUMU PRIMARY SCHOOL,SCHOOL,,,,,,30,,,0
IRUMBI PRIMARY SCHOOL,SCHOOL,,,,,,30,,,0
ITABALIA PRIMARY SCHOOL,SCHOOL,,,,,,30,,,0
KABONDO JUNIOR SCHOOL,SCHOOL,,,,,,30,,,0
KAGILO PRIMARY SCHOOL,SCHOOL,,,,,,30,,,0
KAMBARE JUNIOR SCHOOL,SCHOOL,,,,,,30,,,0
KANYADET PRIMARY SCHOOL,SCHOOL,,,,,,30,,,0
KANYUTO PRIMARY SCHOOL,SCHOOL,,,,,,30,,,0
KARUA JUNIOR SCHOOL,SCHOOL,,,,,,30,,,0
KAYILA JUNIOR SCHOOL,SCHOOL,,,,,,30,,,0
KHUMUSENO JUNIOR SCHOOL,SCHOOL,,,,,,30,,,0
KHWILIBA PRIMARY SCHOOL,SCHOOL,,,,,,30,,,0
KHWISERO JUNIOR SCHOOL,SCHOOL,,,,,,30,,,0
KIJANA GLOBAL SCHOOL,SCHOOL,,,,,,30,,,0
KOJUOK PRIMARY SCHOOL,SCHOOL,,,,,,30,,,0
KULUWINU PRIMARY SCHOOL,SCHOOL,,,,,,30,,,0
LIGEGA PRIMARY SCHOOL,SCHOOL,,,,,,30,,,0
LIHANDA PRIMARY SCHOOL,SCHOOL,,,,,,30,,,0
LUDHA PRIMARY SCHOOL,SCHOOL,,,,,,30,,,0
LURI PRIMARY SCHOOL,SCHOOL,,,,,,30,,,0
LWENYA PRIMARY SCHOOL,SCHOOL,,,,,,30,,,0
MABANGA JUNIOR SCHOOL,SCHOOL,,,,,,30,,,0
MAHANGA PRIMARY SCHOOL,SCHOOL,,,,,,30,,,0
MAJIWA JUNIOR SCHOOL,SCHOOL,,,,,,30,,,0
MALENYA JUNIOR SCHOOL,SCHOOL,,,,,,30,,,0
MARENDE PRIMARY SCHOOL,SCHOOL,,,,,,30,,,0
MARENYO JUNIOR SCHOOL,SCHOOL,,,,,,30,,,0
Matumbai blm,SCHOOL,,,,,,30,,,0
MAWERE COMPREHENSIVE SCHOOL,SCHOOL,,,,,,30,,,0
MIRO PRIMARY SCHOOL,SCHOOL,,,,,,30,,,0
MLELE PRIMARY SCHOOL,SCHOOL,,,,,,30,,,0
MUCHULA JUNIOR SCHOOL,SCHOOL,,,,,,30,,,0
MUHANDA PRIMARY SCHOOL,SCHOOL,,,,,,30,,,0
MUKHOMBE PRIMARY SCHOOL,SCHOOL,,,,,,30,,,0
MULWAHI COMPREHENSIVE SCHOOL,SCHOOL,,,,,,30,,,0
MULWANDA JUNIOR SCHOOL,SCHOOL,,,,,,30,,,0
Mumias Complex,SCHOOL,,,,,,30,,,0
MUNDEKU JUNIOR SCHOOL,SCHOOL,,,,,,30,,,0
MUNDICHIRI PRIMARY SCHOOL,SCHOOL,,,,,,30,,,0
MUNDOLI PRIMARY SCHOOL,SCHOOL,,,,,,30,,,0
MUNGOYE PRIMARY SCHOOL,SCHOOL,,,,,,30,,,0
MUNJECHE JUNIOR SCHOOL,SCHOOL,,,,,,30,,,0
MUNYANZA PRIMARY SCHOOL,SCHOOL,,,,,,30,,,0
MUSHICHIBULU JUNIOR SCHOOL,SCHOOL,,,,,,30,,,0
MUSHINAKA JUNIOR SCHOOL,SCHOOL,,,,,,30,,,0
MUSINAAKA JUNIOR SCHOOL,SCHOOL,,,,,,30,,,0
MUSITINYI SPECIAL SCHOOL,SCHOOL,,,,,,30,,,0
MWISENA PRIMARY SCHOOL,SCHOOL,,,,,,30,,,0
NDERE MIXED JUNIOR SCHOOL,SCHOOL,,,,,,30,,,0
NDIRU JUNIOR SCHOOL,SCHOOL,,,,,,30,,,0
NDUTA PRIMARY SCHOOL,SCHOOL,,,,,,30,,,0
NYALUNYA JUNIOR SCHOOL,SCHOOL,,,,,,30,,,0
NYAWARA COMPREHENSIVE SCHOOL,SCHOOL,,,,,,30,,,0
ODOK RERA PRIMARY SCHOOL,SCHOOL,,,,,,30,,,0
OJOLA PRIMARY SCHOOL,SCHOOL,,,,,,30,,,0
OJWAYA COMPREHENSIVE SCHOOL,SCHOOL,,,,,,30,,,0
OKOLA PRIMARY SCHOOL,SCHOOL,,,,,,30,,,0
OMINDO JUNIOR SCHOOL,SCHOOL,,,,,,30,,,0
ONYINYORE JUNIOR SCHOOL,SCHOOL,,,,,,30,,,0
OSENO JUNIOR SCHOOL,SCHOOL,,,,,,30,,,0
RACHARE JUNIOR SCHOOL,SCHOOL,,,,,,30,,,0
SAGAM PRIMARY SCHOOL,SCHOOL,,,,,,30,,,0
Shitsitswi,SCHOOL,,,,,,30,,,0
SHIVAGALA PRIMARY SCHOOL,SCHOOL,,,,,,30,,,0
Sitabicha,SCHOOL,,,,,,30,,,0
ST FRANCIS ENYANYA JUNIOR SCHOOL,SCHOOL,,,,,,30,,,0
ST. DENNIS MUNJITI PRIMARY SCHOOL,SCHOOL,,,,,,30,,,0
ST. Peter boys,SCHOOL,,,,,,30,,,0
ST.EUGINES JUNIOR SCHOOL,SCHOOL,,,,,,30,,,0
ST.FRANCIS ENYANYA PRIMARY SCHOOL,SCHOOL,,,,,,30,,,0
UGAMBE PRIMARY SCHOOL,SCHOOL,,,,,,30,,,0
UHONYA PRIMARY SCHOOL,SCHOOL,,,,,,30,,,0
ULUMBI PRIMARY SCHOOL,SCHOOL,,,,,,30,,,0
UTHANYA JUNIOR SCHOOL,SCHOOL,,,,,,30,,,0
WALUKA JUNIOR SCHOOL,SCHOOL,,,,,,30,,,0
WAMBUSA JUNIOR SCHOOL,SCHOOL,,,,,,30,,,0
WAMILABI PRIMARY SCHOOL,SCHOOL,,,,,,30,,,0
WANDECHE JUNIOR SCHOOL,SCHOOL,,,,,,30,,,0
WANDECHE PRIMARY SCHOOL,SCHOOL,,,,,,30,,,0
WANDEGA PRIMARY SCHOOL,SCHOOL,,,,,,30,,,0
WANGU JUNIOR SCHOOL,SCHOOL,,,,,,30,,,0
