sku,title,category,unitPrice,costPrice
PL-0001,"A5 Exercise Book 48pg — Newsprint, No Logo",Exercise Book,30,0
PL-0002,"A5 Exercise Book 48pg — Newsprint, With Logo",Exercise Book,40,0
PL-0003,"A5 Exercise Book 48pg — Bank/White, No Logo",Exercise Book,40,0
PL-0004,"A5 Exercise Book 48pg — Bank/White, With Logo",Exercise Book,45,0
PL-0005,"A5 Exercise Book 64pg — Newsprint, No Logo",Exercise Book,35,0
PL-0006,"A5 Exercise Book 64pg — Newsprint, With Logo",Exercise Book,45,0
PL-0007,"A5 Exercise Book 64pg — Bank/White, No Logo",Exercise Book,45,0
PL-0008,"A5 Exercise Book 64pg — Bank/White, With Logo",Exercise Book,55,0
PL-0009,"A5 Exercise Book 96pg — Newsprint, No Logo",Exercise Book,45,0
PL-0010,"A5 Exercise Book 96pg — Newsprint, With Logo",Exercise Book,55,0
PL-0011,"A5 Exercise Book 96pg — Bank/White, No Logo",Exercise Book,55,0
PL-0012,"A5 Exercise Book 96pg — Bank/White, With Logo",Exercise Book,70,0
PL-0013,"A5 Exercise Book 120pg — Newsprint, No Logo",Exercise Book,55,0
PL-0014,"A5 Exercise Book 120pg — Newsprint, With Logo",Exercise Book,65,0
PL-0015,"A5 Exercise Book 120pg — Bank/White, No Logo",Exercise Book,65,0
PL-0016,"A5 Exercise Book 120pg — Bank/White, With Logo",Exercise Book,75,0
PL-0017,"A5 Exercise Book 200pg — Newsprint, No Logo",Exercise Book,65,0
PL-0018,"A5 Exercise Book 200pg — Newsprint, With Logo",Exercise Book,75,0
PL-0019,"A5 Exercise Book 200pg — Bank/White, No Logo",Exercise Book,80,0
PL-0020,"A5 Exercise Book 200pg — Bank/White, With Logo",Exercise Book,100,0
PL-0021,"A4 Exercise Book 64pg — Newsprint, No Logo",Exercise Book,50,0
PL-0022,"A4 Exercise Book 64pg — Newsprint, With Logo",Exercise Book,60,0
PL-0023,"A4 Exercise Book 64pg — Bank/White, No Logo",Exercise Book,60,0
PL-0024,"A4 Exercise Book 64pg — Bank/White, With Logo",Exercise Book,75,0
PL-0025,"A4 Exercise Book 96pg — Newsprint, No Logo",Exercise Book,70,0
PL-0026,"A4 Exercise Book 96pg — Newsprint, With Logo",Exercise Book,80,0
PL-0027,"A4 Exercise Book 96pg — Bank/White, No Logo",Exercise Book,80,0
PL-0028,"A4 Exercise Book 96pg — Bank/White, With Logo",Exercise Book,100,0
PL-0029,"A4 Exercise Book 120pg — Newsprint, No Logo",Exercise Book,90,0
PL-0030,"A4 Exercise Book 120pg — Newsprint, With Logo",Exercise Book,110,0
PL-0031,"A4 Exercise Book 120pg — Bank/White, No Logo",Exercise Book,110,0
PL-0032,"A4 Exercise Book 120pg — Bank/White, With Logo",Exercise Book,150,0
PL-0033,"A4 Exercise Book 200pg — Newsprint, No Logo",Exercise Book,110,0
PL-0034,"A4 Exercise Book 200pg — Newsprint, With Logo",Exercise Book,150,0
PL-0035,"A4 Exercise Book 200pg — Bank/White, No Logo",Exercise Book,150,0
PL-0036,"A4 Exercise Book 200pg — Bank/White, With Logo",Exercise Book,180,0
PL-0037,Envelope C6/C7 — Brown Plain,Stationery,10,0
PL-0038,Envelope C6/C7 — Brown Printed,Stationery,12,0
PL-0039,Envelope C6/C7 — White Plain,Stationery,10,0
PL-0040,Envelope C6/C7 — White Printed,Stationery,15,0
PL-0041,Envelope DL — Brown Plain,Stationery,10,0
PL-0042,Envelope DL — Brown Printed,Stationery,15,0
PL-0043,Envelope DL — White Plain,Stationery,15,0
PL-0044,Envelope DL — White Printed,Stationery,20,0
PL-0045,Envelope A5 — Brown Plain,Stationery,10,0
PL-0046,Envelope A5 — Brown Printed,Stationery,15,0
PL-0047,Envelope A5 — White Plain,Stationery,15,0
PL-0048,Envelope A5 — White Printed,Stationery,20,0
PL-0049,Envelope A4 — Brown Plain,Stationery,15,0
PL-0050,Envelope A4 — Brown Printed,Stationery,25,0
PL-0051,Envelope A4 — White Plain,Stationery,20,0
PL-0052,Envelope A4 — White Printed,Stationery,25,0
PL-0053,Envelope A3 — Brown Plain,Stationery,30,0
PL-0054,Envelope A3 — Brown Printed,Stationery,35,0
PL-0055,Envelope A3 — White Plain,Stationery,35,0
PL-0056,Envelope A3 — White Printed,Stationery,40,0
PL-0057,WHITE DOZ,Other,1500,0
PL-0058,COLOURED DOZ,Other,1900,0
PL-0059,ORD CHALK PKT,Stationery,500,0
PL-0060,FELT PENS ORD,Stationery,100,0
PL-0061,STAEDLER MARKERS,Stationery,200,0
PL-0062,WHITEBOARD MARKERS,Stationery,150,0
PL-0063,FELT PEN INK 20ML,Stationery,200,0
PL-0064,FELT PEN INK 45ML,Stationery,300,0
PL-0065,WHITEBOARD 20ML,Other,200,0
PL-0066,WHITEBOARD 45ML,Other,300,0
PL-0067,WHITE BOARD 50ML,Other,400,0
PL-0068,STAMPAD INK,Stationery,200,0
PL-0069,STAMPAD,Stationery,200,0
PL-0070,SELF INKING STAMP,Stationery,3000,0
PL-0071,POCKET STAMP,Stationery,2500,0
PL-0072,ORD PENS,Stationery,20,0
PL-0073,BIC CRYSTAL PKT,Other,780,0
PL-0074,BIC FINE POINT PKT,Other,780,0
PL-0075,EXECUTIVE PENS,Stationery,200,0
PL-0076,ORD PENCILS DOZ,Stationery,200,0
PL-0077,OFFICE POINT PC,Other,40,0
PL-0078,OFFICE POINT PKT,Other,450,0
PL-0079,HB STAEDLER,Other,100,0
PL-0080,HB STAEDLER PKT,Other,1200,0
PL-0081,PVC SPRING FILE,Office Supplies,100,0
PL-0082,BOX FILE A4,Office Supplies,450,0
PL-0083,BOX FILE A5,Office Supplies,350,0
PL-0084,2 INCH,Other,30,0
PL-0085,1 INCH,Other,50,0
PL-0086,INSULATING TAPES,Stationery,100,0
PL-0087,MOUNTING TAPE,Stationery,900,0
PL-0088,CELLOTAPE HOLDER,Stationery,1000,0
PL-0089,½”,Other,60,0
PL-0090,1”,Other,100,0
PL-0091,2”,Other,180,0
PL-0092,OFFICE GLUE 90GMS,Stationery,100,0
PL-0093,OFFICE 160 GMS,Other,200,0
PL-0094,OFFICE GLUE 1KG,Stationery,420,0
PL-0095,GLUE STICK 10GM,Stationery,180,0
PL-0096,GLUE STICK 20GM,Stationery,250,0
PL-0097,GLUE STICK 40GMS,Stationery,350,0
PL-0098,BINDING GLUE 500GMS,Stationery,500,0
PL-0099,BINDING GLUE 1KG,Stationery,1000,0
PL-0100,DS210,Other,1500,0
PL-0101,DS 45 STAPLER,Stationery,650,0
PL-0102,D45,Other,650,0
PL-0103,HD-1213 (LONG),Other,3500,0
PL-0104,HD 23S24 (GIANT),Other,5500,0
PL-0105,MINI STAPLER,Stationery,350,0
PL-0106,6(1000),Other,100,0
PL-0107,6 (5000),Other,450,0
PL-0108,10(1000),Other,300,0
PL-0109,THUMB TACKS,Stationery,100,0
PL-0110,PUSH PINS PKT,Stationery,300,0
PL-0111,DP 480,Other,550,0
PL-0112,DP 520,Other,750,0
PL-0113,DP 800,Other,7500,0
PL-0114,ORDINARY,Other,25,0
PL-0115,PELIKAN BR80,Other,30,0
PL-0116,PELIKAN BR40,Other,40,0
PL-0117,WHITE OUT,Stationery,180,0
PL-0118,CORRECTION PEN,Stationery,250,0
PL-0119,IMPORTED DUSTER,Stationery,200,0
PL-0120,LOCAL DUSTER,Stationery,80,0
PL-0121,WHITE BOARD,Other,200,0
PL-0122,6Q,Other,600,0
PL-0123,4Q,Other,480,0
PL-0124,3Q,Other,370,0
PL-0125,2Q,Other,300,0
PL-0126,1Q,Other,240,0
PL-0127,A5,Other,170,0
PL-0128,A7,Other,100,0
PL-0129,PHOTOCOPY REAM,Office Supplies,950,0
PL-0130,FOOLSCAP WHITE,Office Supplies,750,0
PL-0131,FOOLSCAPS NP,Office Supplies,650,0
PL-0132,GRAPHPAPER BANK,Office Supplies,850,0
PL-0133,MANILLA PAPER,Office Supplies,40,0
PL-0134,MANILLA ASSORTED,Office Supplies,4000,0
PL-0135,CARBON PAPER,Office Supplies,3000,0
PL-0136,FLIP CHART,Office Supplies,750,0
PL-0137,SVETO PHOTCPY PAPER,Office Supplies,850,0
PL-0138,IODINE CRYSTALS 100GMS,Lab Equipment,4500,0
PL-0139,IODINE SOLUTION 1L,Lab Equipment,1100,0
PL-0140,IRON FILLINGS,Lab Equipment,1500,0
PL-0141,IRON PLATE,Lab Equipment,750,0
PL-0142,LAB COAT,Lab Equipment,1200,0
PL-0143,LAB THERMOMETER,Lab Equipment,450,0
PL-0144,LEAD PLATE,Lab Equipment,750,0
PL-0145,LIEBIG CONDENSER,Lab Equipment,2000,0
PL-0146,LITMUS PAPER BOOKLETS,Lab Equipment,1050,0
PL-0147,LITMUS SOLUTION,Lab Equipment,1500,0
PL-0148,MAGNESIUM RIBBON,Lab Equipment,1700,0
PL-0149,MAGNET BAR,Lab Equipment,900,0
PL-0150,MAGNET HORSE SHOE,Lab Equipment,900,0
PL-0151,MAGNET U SHAPE,Lab Equipment,950,0
PL-0152,MAGNIFYING LENS,Lab Equipment,200,0
PL-0153,MANGANESE (IV) OXIDE,Lab Equipment,2500,0
PL-0154,METER RULE,Lab Equipment,450,0
PL-0155,METER RULE FULL,Lab Equipment,450,0
PL-0156,METER RULE HALF,Lab Equipment,300,0
PL-0157,METHYL ORANGE 500ML,Lab Equipment,1000,0
PL-0158,METHYLATED SPIRIT 5L,Lab Equipment,1950,0
PL-0159,MICROSCOPE SLIDES PKT,Lab Equipment,750,0
PL-0160,MICROSCOPE-LIGHT,Lab Equipment,15000,0
PL-0161,MIRROR HOLDERS,Lab Equipment,350,0
PL-0162,MODELS OF HUMAN TEETH,Lab Equipment,2000,0
PL-0163,MORTAR &PESTLE 3”,Lab Equipment,600,0
PL-0164,MSRNG CYLINDER 1000ML,Lab Equipment,1600,0
PL-0165,MSRNG CYLINDER 250ML,Lab Equipment,520,0
PL-0166,MSRNG CYLINDER 500ML,Lab Equipment,1000,0
PL-0167,MSRNG CYLINDER 50ML,Lab Equipment,280,0
PL-0168,NITRIC ACID 2.5L,Lab Equipment,1600,0
PL-0169,PAIR OF FORCEPS,Lab Equipment,270,0
PL-0170,PENDULUM,Lab Equipment,200,0
PL-0171,PERIODIC TABLE CHART,Lab Equipment,1200,0
PL-0172,PERIODIC TABLE LARGE,Lab Equipment,3000,0
PL-0173,PERMANENT SLIDES PC,Lab Equipment,300,0
PL-0174,PERSPEX RODS,Lab Equipment,750,0
PL-0175,PETRI DISH,Lab Equipment,180,0
PL-0176,PH CHART,Lab Equipment,300,0
PL-0177,PH METER,Lab Equipment,4000,0
PL-0178,PHENOLTHALEIN 500ML,Lab Equipment,1500,0
PL-0179,PHOSPHORUS METAL,Lab Equipment,1800,0
PL-0180,PIPPETTES,Lab Equipment,800,0
PL-0181,PLASTIC BEAKER 100ML,Lab Equipment,250,0
PL-0182,PLASTIC BEAKER 250ML,Lab Equipment,350,0
PL-0183,PLASTIC BEAKER 50ML,Lab Equipment,200,0
PL-0184,PLASTIC RODS,Other,750,0
PL-0185,POTASSIUM MANGANET VII,Lab Equipment,2300,0
PL-0186,POTASSIUM METAL ( IN OIL),Lab Equipment,6000,0
PL-0187,POTASSIUM PEMGNT 500GMS,Lab Equipment,2300,0
PL-0188,TRIPOD STAND,Lab Equipment,300,0
PL-0189,PYREX BOILING TUBES,Lab Equipment,180,0
PL-0190,RETORT STAND COMPLETE,Lab Equipment,2000,0
PL-0191,ROUND BOTTOMED FLASK,Lab Equipment,800,0
PL-0192,RUBBER STOPPER,Lab Equipment,100,0
PL-0193,SAFETY GOGGLES,Lab Equipment,450,0
PL-0194,SEPARATING FUNNEL,Lab Equipment,1500,0
PL-0195,SILVER PLATE,Lab Equipment,750,0
PL-0196,SLINKY SPRING -1500,Lab Equipment,1500,0
PL-0197,SODIUM CHLORIDE,Lab Equipment,2700,0
PL-0198,SODIUM HYDROXIDE 500GMS,Lab Equipment,1500,0
PL-0199,SPATULA STAINLESS,Lab Equipment,200,0
PL-0200,STEEL METAL PLATE,Lab Equipment,750,0
PL-0201,STOP WATCHES,Lab Equipment,600,0
PL-0202,SULPHURIC ACID2.5L,Lab Equipment,1900,0
PL-0203,SWITCHES,Other,450,0
PL-0204,SYRINGES 10ML,Lab Equipment,50,0
PL-0205,SYRINGES 50ML,Lab Equipment,100,0
PL-0206,TEST TUBE BRUSH,Lab Equipment,100,0
PL-0207,TEST TUBE NORMAL,Lab Equipment,100,0
PL-0208,GLASS BEAKER 500ML,Lab Equipment,600,0
PL-0209,TESTTUBE HOLDERS,Lab Equipment,150,0
PL-0210,TESTTUBE PYREX,Lab Equipment,200,0
PL-0211,TEST TUBE STAND,Lab Equipment,600,0
PL-0212,THISTLE FUNNEL,Lab Equipment,1000,0
PL-0213,TORCH BULB2.5VLTS,Lab Equipment,200,0
PL-0214,TORCH,Other,400,0
PL-0215,U-CONVEX MIRROR,Lab Equipment,350,0
PL-0216,U-LENS HOLDER,Lab Equipment,350,0
PL-0217,UNIVERSAL INDICATOR SOLN,Lab Equipment,2500,0
PL-0218,U-PLANE MIRROR,Lab Equipment,350,0
PL-0219,VISKING TUBING,Lab Equipment,2800,0
PL-0220,VOLTMETER DUAL,Lab Equipment,1500,0
PL-0221,VOLUMETRIC FLASK 1000ML,Lab Equipment,2000,0
PL-0222,VOLUMETRIC FLASK 250ML,Lab Equipment,500,0
PL-0223,VOLUMETRIC FLASK 500ML,Lab Equipment,1000,0
PL-0224,CORK BORER SET,Other,1500,0
PL-0225,STARCH SOLUBLE,Other,1000,0
PL-0226,WATCH GLASS,Other,300,0
PL-0227,WHITE SCREEN,Other,200,0
PL-0228,WIRE GAUZE,Other,300,0
PL-0229,WOODEN SPLINT,Other,600,0
PL-0230,ZINC METAL,Other,1500,0
PL-0231,ZINC OXIDE 500G,Lab Equipment,1200,0
PL-0232,GRANT IN AID,Office Supplies,600,0
PL-0233,LEDGER BK 1Q,Office Supplies,400,0
PL-0234,LEDGER BK 2Q,Office Supplies,500,0
PL-0235,CASH BK 1Q,Office Supplies,370,0
PL-0236,CASH BK 2Q,Office Supplies,500,0
PL-0237,INVENTORY,Office Supplies,450,0
PL-0238,S2,Other,470,0
PL-0239,FEES REGISTER,Office Supplies,400,0
PL-0240,ADMISSION REG,Office Supplies,500,0
PL-0241,VISITORS BOOK,Office Supplies,650,0
PL-0242,SUPPLIES REGISTER,Office Supplies,750,0
PL-0243,CONTRACT AGREEMENT,Office Supplies,2000,0
PL-0244,PAYMENT VOUCHER A4,Office Supplies,2000,0
PL-0245,PAYMENT SCHEDULE,Office Supplies,2000,0
PL-0246,LSO A5,Other,900,0
PL-0247,RECEIPT BOOK A5,Office Supplies,1000,0
PL-0248,LESSON PLAN,Office Supplies,500,0
PL-0249,RECORD OF WORK,Office Supplies,450,0
PL-0250,MARKBOOK 1Q,Office Supplies,370,0
PL-0251,MARKBOOK 2Q,Office Supplies,450,0
PL-0252,SCHEMES OF WRK 1Q,Office Supplies,400,0
PL-0253,SCHEMES OF WRK 2Q,Office Supplies,500,0
PL-0254,TCHERS ATENDNCE REG,Office Supplies,750,0
PL-0255,TCHERS PERMISSION BK,Office Supplies,2000,0
PL-0256,CURRICULUM DESIGNS,Office Supplies,750,0
PL-0257,8X4FT,Other,15000,0
PL-0258,6X4FT,Other,13000,0
PL-0259,5X4FT,Other,10000,0
PL-0260,4X4FT,Other,8000,0
PL-0261,4X3FT,Other,6000,0
PL-0262,NOTICE BOARD,Other,10000,0
PL-0263,SUGGESTION BOX,Other,5000,0
PL-0264,YAMAHA PSR PIANO 378,Other,45000,0
PL-0265,YAMAHA PSR PIANO e473,Other,65000,0
PL-0266,AUDIO MIXER,Other,50000,0
PL-0267,WOODEN,Other,350,0
PL-0268,PLASTIC,Other,650,0
PL-0269,HACO RULER,Stationery,100,0
PL-0270,ORD RULER,Stationery,50,0
PL-0271,ORD SETS,Other,150,0
PL-0272,OXF METALIC,Other,280,0
PL-0273,OXF CLEAR,Other,350,0
PL-0274,FX82MS,Stationery,1700,0
PL-0275,FX82EX,Stationery,2500,0
PL-0276,ORD OFFICE CALC,Other,1500,0
PL-0277,STD SIZE,Other,4500,0
PL-0278,LARGE,Other,5800,0
PL-0279,CUSTOMIZED,Other,6500,0
PL-0280,FLAG STRING,Other,300,0
PL-0281,POLYTHENE PER METRE,Other,150,0
PL-0282,POLYTHENE ROLL,Other,8000,0
PL-0283,BROWN COVERS,Other,30,0
PL-0284,POWDER PAINTS,Art & Craft,550,0
PL-0285,ACRYLIC YARN,Art & Craft,250,0
PL-0286,YARN ROLLS,Art & Craft,500,0
PL-0287,RIBBONS,Art & Craft,500,0
PL-0288,DYE,Other,800,0
PL-0289,PLASTICINE 250GMS,Art & Craft,250,0
PL-0290,PLASTICINE 500GMS,Art & Craft,450,0
PL-0291,FABER CASTEL,Art & Craft,1000,0
PL-0292,CRAYONS ORD,Art & Craft,100,0
PL-0293,VEDA (12 COLORS),Other,250,0
PL-0294,VEDA (8 COLORS),Other,180,0
PL-0295,JUMBO CRAYONS,Art & Craft,600,0
PL-0296,WATER COLORS ORD,Art & Craft,400,0
PL-0297,MARRIE WATER COLORS,Art & Craft,1500,0
PL-0298,EAGLE WATER COLORS,Art & Craft,1200,0
PL-0299,STEEL,Other,12000,0
PL-0300,REGULATORY DOCS,Other,750,0
PL-0301,SERVICE CHARTER,Other,3500,0
PL-0302,SCH DISBURSEMENT CHART,Other,3500,0
PL-0303,ADV OXF DICTIONARY,Reference,2400,0
PL-0304,STUDENT DICTIONARY,Reference,2000,0
PL-0305,KAMUSI TUKI,Reference,1600,0
PL-0306,KAMUSI YA MSINGI,Reference,1500,0
PL-0307,KAMUSI YA KARNE 21,Reference,1600,0
PL-0308,KAMUSI TEULE,Reference,1500,0
PL-0309,CBC ATLAS,Reference,2000,0
PL-0310,GOOD NEWS BIBLE,Reference,1650,0
PL-0311,RSV BIBLE,Reference,1600,0
PL-0312,NIV BIBLE,Reference,2500,0
PL-0313,BIBLIA KISWAHILI,Other,2000,0
PL-0314,VERNACULAR BIBLES,Reference,2000,0
PL-0315,LOG TABLE,Reference,650,0
PL-0316,SMP TABLE,Reference,850,0
PL-0317,WALL MAPS,Reference,3600,0
PL-0318,WALL MAPS ORD,Reference,500,0
PL-0319,WALL CHARTS,Reference,1050,0
PL-0320,PVC GLOBE,Reference,7500,0
PL-0321,ORD GLOBE,Reference,5500,0
PL-0322,PP1-G3,Other,1500,0
PL-0323,GRD4-6,Other,1650,0
PL-0324,GRD 7&8 VOL 1,Other,1900,0
PL-0325,GRD 7&8 VOL 2,Other,1900,0
PL-0326,ASSESMENT BOOKS,Story Book,250,0
PL-0327,TEACHER GUIDES,Story Book,700,0
PL-0328,ABACUS LARGE,Other,3000,0
PL-0329,ABACUS MEDIUM,Other,1500,0
PL-0330,ABACUS SMALL,Other,1000,0
PL-0331,SMALL,Other,700,0
PL-0332,MEDIUM,Other,1200,0
PL-0333,SMALL SET,Other,3500,0
PL-0334,MEDIUM SET,Other,5000,0
PL-0335,LARGE SET,Other,8000,0
PL-0336,SUFURIA HOLDERS,Other,200,0
PL-0337,SUFURIA 55L,Other,10000,0
PL-0338,SUFURIA 70L,Other,20000,0
PL-0339,SUFURIA 90L,Other,25000,0
PL-0340,SUFURIA 100L,Other,35000,0
PL-0341,POTATO PEELER,Other,150,0
PL-0342,GRATER SMALL,Other,250,0
PL-0343,GRATER BIG,Other,500,0
PL-0344,ROLLING PIN&BOARD,Other,600,0
PL-0345,6KG COMPLETE GAS CYLINDER,Lab Equipment,10000,0
PL-0346,13KG COMPLETE GAS CYLINDER,Lab Equipment,20000,0
PL-0347,ACETONE,Lab Equipment,1800,0
PL-0348,ACTIVATED CHARCOAL,Lab Equipment,2000,0
PL-0349,ALUMINUM PLATE,Lab Equipment,750,0
PL-0350,AMMETER,Lab Equipment,1500,0
PL-0351,AMMONIA 2.5L,Lab Equipment,2300,0
PL-0352,BEE HIVE SHELF,Lab Equipment,500,0
PL-0353,BELL JARS,Lab Equipment,2500,0
PL-0354,BI-CONCAVE LENS,Lab Equipment,300,0
PL-0355,BI–CONVEX LENS,Lab Equipment,300,0
PL-0356,BODY ORGANS MODELS,Lab Equipment,2000,0
PL-0357,BOILING FLASKS,Lab Equipment,700,0
PL-0358,BOILING TUBE,Lab Equipment,140,0
PL-0359,BOILING TUBE PYREX,Lab Equipment,200,0
PL-0360,BULB HOLDER,Lab Equipment,250,0
PL-0361,BUNSEN BURNER,Lab Equipment,800,0
PL-0362,BUNSEN PORTABLE/GAS,Lab Equipment,3500,0
PL-0363,BURETTE BRUSH,Lab Equipment,250,0
PL-0364,BURETTE CLIP,Lab Equipment,100,0
PL-0365,BURETTE TEATS,Lab Equipment,300,0
PL-0366,BURETTLE 50ML,Lab Equipment,1400,0
PL-0367,CALCIUM METAL,Lab Equipment,3500,0
PL-0368,CANDLES PKT,Lab Equipment,400,0
PL-0369,CELL HOLDERS,Lab Equipment,350,0
PL-0370,GLASS BEAKER 50ML,Lab Equipment,300,0
PL-0371,GLASS BEAKER 250ML,Lab Equipment,350,0
PL-0372,CHART-HUMAN DIGESTIVE,Other,2000,0
PL-0373,CHARTS-STRUCTURE TEETH,Other,2000,0
PL-0374,CHART-STRUCTURE ATOM,Other,1300,0
PL-0375,COBALT CHLORIDE,Lab Equipment,3000,0
PL-0376,COBALT II CHLORIDE,Lab Equipment,1700,0
PL-0377,COMPLETE RIPPLE TANK,Lab Equipment,30000,0
PL-0378,CONCAVE/CONVEX LENS,Lab Equipment,300,0
PL-0379,CONCAVE/CONVEX MIRROR,Lab Equipment,300,0
PL-0380,CONICAL FLASK 1000ML,Lab Equipment,1000,0
PL-0381,CONICAL FLASK 100ML,Lab Equipment,280,0
PL-0382,CONICAL FLASK 250ML,Lab Equipment,400,0
PL-0383,CONICAL FLASK 500ML,Lab Equipment,750,0
PL-0384,CONNECTING WIRES ROLL,Lab Equipment,1500,0
PL-0385,CONVEX MIRROR,Lab Equipment,300,0
PL-0386,COPPER II NITRATE 250GRMS,Lab Equipment,2400,0
PL-0387,COPPER II SULPHATE,Lab Equipment,1700,0
PL-0388,COPPER PLATE,Lab Equipment,750,0
PL-0389,COTTON WOOL,Other,630,0
PL-0390,COVER SLIPS,Other,300,0
PL-0391,CROCODILE CLIPS,Other,100,0
PL-0392,CRUCIBLE TONGS PAIR,Lab Equipment,300,0
PL-0393,CRUCIBLE WITH LID,Lab Equipment,550,0
PL-0394,DELIVERY TUBE,Other,450,0
PL-0395,DIGITAL BALANCE,Other,13000,0
PL-0396,DIGITAL THERMOMETER,Lab Equipment,1500,0
PL-0397,DISTILATION FLASK SIDE ARM,Lab Equipment,1500,0
PL-0398,DISTILLED WATER 20L,Other,1100,0
PL-0399,DROPPER,Other,200,0
PL-0400,DROPPING FUNNEL,Lab Equipment,1200,0
PL-0401,DRYCELL PAIR,Other,250,0
PL-0402,EBONITE RODS,Other,750,0
PL-0403,ETHANOL 2.5L,Other,2400,0
PL-0404,EURECA CAN,Other,250,0
PL-0405,FILTER FUNNELS,Lab Equipment,150,0
PL-0406,FILTER PAPERS PKT,Other,1100,0
PL-0407,FIRST AID KIT,Other,5500,0
PL-0408,FLAT BOTTOMED FLASK,Lab Equipment,800,0
PL-0409,FRACTIONATING COLUMN,Other,2500,0
PL-0410,GALVANOMETER,Lab Equipment,1500,0
PL-0411,GAS CARTRIDGE,Computers & IT,500,0
PL-0412,GAS JAR WITH LID,Other,850,0
PL-0413,GAS REGULATOR,Other,1500,0
PL-0414,GLASS MARBLES,Other,20,0
PL-0415,GLASS ROD ELECTRICITY,Other,750,0
PL-0416,GLASS RODS,Other,750,0
PL-0417,GLASS STIRRING ROD,Other,100,0
PL-0418,GLOVES ACID PROOF,Lab Equipment,1200,0
PL-0419,GLOVES ORD PKT,Other,1500,0
PL-0420,HAND WHISK,Other,1200,0
PL-0421,HYDROCHLORIC ACID 2.5L,Lab Equipment,2300,0
PL-0422,HYDROGEN PEROXIDE 2.5L,Lab Equipment,2500,0
PL-0423,SPEAKER,Other,25000,0
PL-0424,PRINTER CABLE3M,Computers & IT,1000,0
PL-0425,PRINTER CABLE 5M,Computers & IT,1500,0
PL-0426,1.5M,Other,800,0
PL-0427,3M,Other,1500,0
PL-0428,VGA-HDMI,Computers & IT,1500,0
PL-0429,DISPLAY CABLE,Computers & IT,1500,0
PL-0430,POWER CABLES,Computers & IT,500,0
PL-0431,CLARITY INKS,Computers & IT,300,0
PL-0432,EPSON INKS,Computers & IT,3000,0
PL-0433,TP-LINK,Computers & IT,12000,0
PL-0434,TENDA,Computers & IT,8500,0
PL-0435,SCH BAG,Other,2000,0
PL-0436,LAPTOP BAG,Computers & IT,2500,0
PL-0437,PROJECTOR BAG,Computers & IT,3000,0
PL-0438,COMPLETE TAILORING KIT,Other,4000,0
PL-0439,BOBBIN CASE,Stationery,100,0
PL-0440,SAFETY PINS,Lab Equipment,100,0
PL-0441,SEAM RIPPER,Stationery,150,0
PL-0442,ASSORTED NEEDLES,Stationery,150,0
PL-0443,KNITTING NEEDLES,Stationery,300,0
PL-0444,TAPE MEASURE,Stationery,200,0
PL-0445,SEWING KIT SMALL,Other,500,0
PL-0446,THIMBLE,Stationery,100,0
PL-0447,TRACING WHEEL,Stationery,250,0
PL-0448,TAILORING TAPE,Other,100,0
PL-0449,CROTCHET HOOK,Stationery,150,0
PL-0450,EMBROIDERY PACK,Other,1500,0
PL-0451,KNITTING SMALL,Other,150,0
PL-0452,KNITTING BIG,Other,250,0
PL-0453,SEWING THREAD,Stationery,250,0
PL-0454,ORDINARY SCISSORS,Stationery,500,0
PL-0455,TAILORING STEEL,Other,1500,0
PL-0456,PINKING SHEARS,Stationery,2000,0
PL-0457,DRESSMAKING PINS,Stationery,150,0
PL-0458,NEEDLE CLAMP,Stationery,150,0
PL-0459,LOOM FRAME,Other,1700,0
PL-0460,BUTTONS PKT,Stationery,200,0
PL-0461,PER METRE,Other,200,0
PL-0462,BUTTERFLY,Other,25000,0
PL-0463,IMPORT STAND,Other,35000,0
PL-0464,SINGER STAND,Other,40000,0
PL-0465,LUBRICATING OIL,Other,300,0
PL-0466,HAND SAW,Other,900,0
PL-0467,HAMMER QTY,Other,1000,0
PL-0468,HAMMER ORD,Other,700,0
PL-0469,TRY SQUARE SET,Other,1000,0
PL-0470,CALLIPER MANUAL,Other,2000,0
PL-0471,CALLIPER DIGITAL,Other,3000,0
PL-0472,SPIRIT LEVEL,Other,500,0
PL-0473,SPANNER SET,Other,2500,0
PL-0474,JACKPLANE,Other,2500,0
PL-0475,SCREW DRIVER SET,Other,2200,0
PL-0476,CHISEL SET,Other,900,0
PL-0477,PLUMB BOB,Other,750,0
PL-0478,CARPENTER TAPE,Stationery,800,0
PL-0479,EARMUFFS,Other,850,0
PL-0480,MALLET,Other,600,0
PL-0481,PLIERS,Other,600,0
PL-0482,OVERALL,Other,2500,0
PL-0483,RAKE,Other,750,0
PL-0484,JEMBE,Other,850,0
PL-0485,SPADE,Other,1000,0
PL-0486,PANGA,Other,500,0
PL-0487,SLASHER,Other,650,0
PL-0488,AXE,Other,1500,0
PL-0489,PICK AXE,Other,2000,0
PL-0490,KNAPSACK SPRAYER,Other,3500,0
PL-0491,SECATEURS,Other,1000,0
PL-0492,SICKLE,Other,700,0
PL-0493,WIREMESH,Other,3500,0
PL-0494,HELMETS,Other,1000,0
PL-0495,GUMBOOTS,Other,1300,0
PL-0496,WHEELBARROW,Other,7500,0
PL-0497,WATERING CAN METALLIC,Other,1500,0
PL-0498,WATERING CAN PLASTIC,Other,1000,0
PL-0499,NGOMBE BARBED WIRE,Other,13000,0
PL-0500,6FT,Other,7000,0
PL-0501,8FT,Other,9000,0
PL-0502,ORD FLUTE,Other,300,0
PL-0503,YAMAHA DESCANT,Other,2500,0
PL-0504,ART & CRAFT KIT,Other,10000,0
PL-0505,HOME SCIENCE KIT,Other,10000,0
PL-0506,CBC PIANO 67 KEYS,Other,6000,0
PL-0507,CBC PIANO 37 KEYS,Other,4000,0
PL-0508,YAMAHA PSR PIANO,Other,50000,0
PL-0509,SMALL CBC GUITAR,Other,2000,0
PL-0510,KAYAMBA MEDIUM,Other,2000,0
PL-0511,KAYAMBA BIG,Other,3000,0
PL-0512,BLUETOOTH SPEAKER,Other,3500,0
PL-0513,SUB WOOFER,Other,15000,0
PL-0514,STAND,Other,6000,0
PL-0515,ISUKUTI SET,Other,25000,0
PL-0516,LAB TABLE,Other,15000,0
PL-0517,EXECUTIVE TABLE,Other,35000,0
PL-0518,PLASTIC TABLE,Other,5000,0
PL-0519,WOODEN TABLE,Other,7800,0
PL-0520,DRAWS,Other,11000,0
PL-0521,MAHOGANY TABLE,Other,35000,0
PL-0522,LAB TABLES WITH SINK,Other,25000,0
PL-0523,EXEC CHAIR FIXED,Other,15000,0
PL-0524,EXEC CHAIR ROTATING,Other,15000,0
PL-0525,WOODEN CHAIR,Other,2500,0
PL-0526,CONFERENCE CHAIR,Other,5700,0
PL-0527,OFFICE STEEL CHAIR,Other,4500,0
PL-0528,PLASTIC CHAIR,Other,1000,0
PL-0529,PLASTIC CHAIR HEAVY,Other,1500,0
PL-0530,4 LOCKER,Other,28000,0
PL-0531,9LOCKER,Other,43000,0
PL-0532,SAFETY LOCK,Lab Equipment,42000,0
PL-0533,METALLIC,Other,3000,0
PL-0534,METALLIC LOCKER SET,Other,5000,0
PL-0535,WATER,Other,7000,0
PL-0536,POWDER,Other,8000,0
PL-0537,CARBON,Other,12000,0
PL-0538,3000L,Other,35000,0
PL-0539,5000L,Other,60000,0
PL-0540,10000,Other,100000,0
PL-0541,Sand bucket,Other,2500,0
PL-0542,PRESIDENT PORTRAIT,Other,2000,0
PL-0543,BLACKBOARD PAINT,Other,2500,0
PL-0544,PAINTING BRUSH,Other,600,0
PL-0545,TURPENTINE 500ML,Stationery,600,0
PL-0546,FRYING PAN ORD,Other,950,0
PL-0547,FRYING PAN NON STICK,Other,1700,0
PL-0548,CHAPATI PAN,Other,1500,0
PL-0549,COOKING STICK,Other,100,0
PL-0550,KITCHEN KNIFE,Other,200,0
PL-0551,BUTCHER'S KNIFE,Other,700,0
PL-0552,BREAD KNIFE,Other,200,0
PL-0553,KITCHEN TOWELS,Other,300,0
PL-0554,HAND TOWELS,Other,200,0
PL-0555,FACE TOWEL,Other,100,0
PL-0556,WOODEN SPOON,Other,200,0
PL-0557,SERVING SPOON,Other,200,0
PL-0558,TABLE SPOON DOZ,Other,360,0
PL-0559,TEA SPOON DOZ,Other,250,0
PL-0560,CUTLERY SET(24PCS),Other,2000,0
PL-0561,CUTLERY STAINLESS,Other,5000,0
PL-0562,GAS BURNER,Other,4500,0
PL-0563,20L,Other,10000,0
PL-0564,9.5L,Other,4500,0
PL-0565,5L,Other,3500,0
PL-0566,15L,Other,20000,0
PL-0567,REFEREE CARDS,Other,1850,0
PL-0568,REFEREE WHISTLE,Other,800,0
PL-0569,FOOTBALL,Other,3500,0
PL-0570,BASKETBALL,Other,3500,0
PL-0571,NETBALL,Other,4000,0
PL-0572,VOLLEYBALL,Other,3500,0
PL-0573,HANDBALL,Other,5000,0
PL-0574,FOOBALL,Other,6000,0
PL-0575,RUGBY,Other,6000,0
PL-0576,TENNISBALL,Other,500,0
PL-0577,HOCKEY BALL,Other,1200,0
PL-0578,HOCKEY STICKS,Other,2500,0
PL-0579,SKIPPING ROPE,Other,400,0
PL-0580,JAVELIN,Other,6500,0
PL-0581,DISCUSS,Other,6500,0
PL-0582,FRISBEE BIG,Other,1500,0
PL-0583,FRISBEE SMALL,Other,1000,0
PL-0584,FOOTBALL BOOTS,Other,5000,0
PL-0585,RELAY BATTON SET,Other,5000,0
PL-0586,RACKETS,Other,2500,0
PL-0587,SOLID,Other,6000,0
PL-0588,SPRING,Other,15000,0
PL-0589,UNIFORM,Other,4500,0
PL-0590,BOOTS,Other,3500,0
PL-0591,SWEATER,Other,2500,0
PL-0592,RAINCOAT,Other,2500,0
PL-0593,BATTON(RUNGU),Other,1000,0
PL-0594,WHISTLE,Other,500,0
PL-0595,FULL SET SEC UNIFORM,Other,15000,0
PL-0596,CHEF UNIFORM,Other,2800,0
PL-0597,HEAD GEAR,Other,1200,0
PL-0598,POLO TSHIRT,Other,800,0
PL-0599,BRANDED,Other,950,0
PL-0600,GAMES KITS,Other,15000,0
PL-0601,BRANDED SET,Other,20000,0
PL-0602,TRUCKSUITS,Other,3500,0
PL-0603,BIBS SET,Other,3200,0
PL-0604,ADULT SCOUT UNIFORM,Other,7900,0
PL-0605,STUDENT SCOUT UNIFORM,Other,5500,0
PL-0606,PLASTIC TRAY,Other,1500,0
PL-0607,METALLIC TRAY,Other,2500,0
PL-0608,PLASTIC TRASH CAN,Other,500,0
PL-0609,METTALIC TRASH CAN,Other,1000,0
PL-0610,GARBAGE BIN,Other,2000,0
PL-0611,8GB 7 GEN,Other,45000,0
PL-0612,8GB 6 GEN,Other,40000,0
PL-0613,8GB 4 GEN,Other,35000,0
PL-0614,8GB,Other,50000,0
PL-0615,SSD 8TH GEN,Other,45000,0
PL-0616,SSD 7TH GEN,Other,40000,0
PL-0617,SSD 6TH GEN,Other,35000,0
PL-0618,SSD 4 GEN,Other,30000,0
PL-0619,SSD,Other,50000,0
PL-0620,LAPTOP BATTERY,Other,5000,0
PL-0621,LAPTOP ADAPTOR,Other,2000,0
PL-0622,WIRELESS MOUSE,Other,1500,0
PL-0623,WIRED MOUSE,Other,1000,0
PL-0624,WIRE KEYBOARD,Other,1500,0
PL-0625,WIRELESS KEYBOARD,Other,2000,0
PL-0626,FOAM CLEANER,Other,150,0
PL-0627,16GB,Other,1700,0
PL-0628,32GB,Other,2500,0
PL-0629,64GB,Other,3000,0
PL-0630,L3250,Other,40000,0
PL-0631,M3170,Other,70000,0
PL-0632,L850,Other,90000,0
PL-0633,L6490 COLOR,Other,90000,0
PL-0634,3420,Other,37000,0
PL-0635,ECOS3540dn,Other,80000,0
PL-0636,ECOS3560dn,Other,90000,0
PL-0637,ECOS3560,Other,100000,0
PL-0638,TA3511,Other,125000,0
PL-0639,TA4012,Other,135000,0
PL-0640,TA5002,Other,135000,0
PL-0641,TA6002,Other,145000,0
PL-0642,TA3252ci,Other,135000,0
PL-0643,TA4052ci,Other,145000,0
PL-0644,TA5052ci,Other,155000,0
PL-0645,MPC400,Other,100000,0
PL-0646,MPC3503,Other,125000,0
PL-0647,MPC4503,Other,135000,0
PL-0648,MPC5503,Other,145000,0
PL-0649,BIZHUB C368,Other,165000,0
PL-0650,EPSON CO-W01,Computers & IT,75000,0
PL-0651,EPSON EB,Computers & IT,120000,0
PL-0652,ANDROID HPX,Other,40000,0
PL-0653,PROJECTOR STAND,Other,10000,0
PL-0654,PROJECTOR SCREEN,Other,20000,0
PL-0655,PROJECTOR CABLE,Computers & IT,1500,0
PL-0656,POWDER 500GM,Other,1500,0
PL-0657,POWDER 1KG,Other,3000,0
PL-0658,TEACHER TABLE,Other,5000,0
PL-0659,WITH DRAWERS,Other,10000,0
